2020/03/17 17:01:24.884492,ETH/BTC,bid,0.0asdasd08,7.44564869
2020/03/17 17:01:24.884492,ETH/BTC,bid,0.02187307,3.467434
2020/03/17 17:01:24.884492,ETH/BTC,bid,0.02187305,6.85567013
2020/03/17 17:01:24.884492,ETH/BTC,bid,0.021873,1.
2020/03/17 17:01:24.884492,ETH/BTC,bid,0.02187163,0.03322569
2020/03/17 17:01:24.884492,ETH/BTC,bid,0.02187008,0.asdasd21
2020/03/17 17:01:24.884492,ETH/BTC,bid,0.0218asdasd6299,0.1
2020/03/17 17:01:24.884492,ETH/BTC,bid,0.02186251,0.0091
2020/03/17 17:01:24.884492,ETH/BTC,bid,0.02186053,0asdasd.58
2020/03/17 17:01:24.884492,ETH/BTC,bid,0.0218asdasd6052,0.05
2020/03/17 17:01:24.884492,ETH/BTC,bid,0.02185561,9.1asdasd455526
2020/03/17 17:01:24.884492,ETH/BTC,bid,0.0218asdasd4944,130.
2020/03/17 17:01:24.884492,ETH/BTC,bid,0.02184363,4.52654436
2020/03/17 17:01:24.884492,ETH/BTC,bid,0.0asdasd2183269,4.89asdasd101735
2020/03/17 17:01:24.884492,ETH/BTC,bid,0.02183264,0.00630238
2020/03/17 17:01
:24.884492,ETH/BTC,bi
d,0.021824asdasd7,0.0124819asdasd2
2020/03/17 17:01:24.884492,ETH/BTC,bid,0.02asdasd18238,41.5
2020/03/17 17:01:24.884492,ETH/BTC,bid,0.02181735,0.2
2020/03/17 17:01:24.884492,ETH/BTC,bid,0.02180845,50.
2020/03/17 17:01:24.884492,ETH/BTC,bid,0.0218,32.74659999
2020/03/17 17:01:24.884492,ETH/BTC,bid,0.02179639,0.40030023
2020/03/17 17:01:24.884492,ETH/BTC,bid,0.0217942,0.81461421
2020/03/17 17:01:24.884492,ETH/BTC,bid,0.02179148,49.
2020/03/17 17:01:24
.884492,ETH/BTC,bid,0.021asdasd009,0.73972375
2020/03/17 17:01:24.884492,ETH/BTC,bid,0.02177774,48
.asdasd442
2020/03/17 17:01:24.884492,ETH/BTC,bid,0.021asdasd763,0.57907871
2020/03/17 17:01:24.884492,ETH/BTC,bid,0.02176045,49.
2020/03/17 17:01:24.884492,ETH/BTC,bid,0.02175882,40.67636181
2020/03/17 17:01:24.884492,ETH/BTC,bid,0.02175498,0.1331879
2020/03/17 17:01:24.884492,ETH/BTC,bid,0.0217499,0.04644343
2020/03/17 17:01:24.884492,ETH/BTC,bid,0.02174665,51.
2020/03/17 17:01:24.884492,ETH/BTC,bid,0.021745asdasd58,50.96
2020/03/17 17:01:24.884492,ETH/BTC,bid,0.02173852,14.73
2020/03/17 17:01:24.884492,ETH/BTC,bid,0.02173707,0.09asdasd825887
2020/03/17 1
7:01:24.884492,ETH/BTC,bid,0.02173asdasd28,0.03355265
2020/03/17 17:01:24.884492,ETH/BTC,bid,0.02173528,0.55209779
2020/03/17 17:01:24.884492,ETH/BTC,bid,0.02172401,0.00633334
2020/03/17 17:01:24.884492,ETH/BTC,b
id,0.02171691,0.02869842
2020/03/17 17:01:24.884492,ETH/BTC,bid,0.02170739,1.033055
2020/03/17 17:01:24.884492,ETH/BTC,bid,0.02170001,2.58533184
2020/03/17 17:01:24.884492,ETH/BTC,bid,0.0217asdasd,11.580asdasd32904
2020/03/17 17:01:24.884492,ETH/BTC,bid,0.02168639,0.40030022
2020/03/17 17:01:24.884492,ETH/BTC,bid,0.02167076,33.82130391
2020/03/17 17:01:24.884492,ETH/BTC,bid,0.02167075,0.17asdasd77869
2020/03/17 17:01:24.884492,ETH/BTC,bid,0.021asdasd64914,31.97356142
2020/03/17 17:01:24.884492,ETH/BTC,bid,0.02164903,0.asdasd01766217
2020/03/17 17:01:24.884492,ETH/BTC,bid,0.02164226,0.14046593
2020/03/17 17:01:24.884492,ETH/BTC,bid,0.02161593,0.00636546
2020/03/17 17:01:24.884492,ETH/BTC,bid,0.02asdasd160336,508.56
2020/03/17 17:01:24.884492,ETH/BTC,ask,0.02189093,9.80492asdasd5003
2020/03/17 17:01:24asd02189398,9.14003499
2020/03/17 17:01:24.884492,ETH/BTC,ask,0.02189399,9.14068583
2020/03/17 17:01:24.884492,ETH/BTC,ask,0.02189434,130.
2020/03/17 17:01:24.884492,ETH/BTC,ask,0.0219,asdasd0.04
2020/03/17 17:01:24.884492,ETH/BTC,ask,0.021901,42.4
2020/03/17 17:01:24.884492,ETH/BTC,ask,0.02191749,23.5
2020/03/17 17:01:24.884492,ETH/BTC,ask,0.021asdasd92039,0asdasd.4014997
2020/03/17 17:01:24.884492,ETH/BTC,ask,0.02193216,1.37106548
2020/03/17 17:01:24.884492,ETH/BTC,ask,0.02193217,36.8
2020/03/17 17:01:24.884492,ETH/BTC,ask,0.02194667,50.95
2020/03/17 17:01:24.884492,ETH/BTC,ask,0.021954asdasd67,0.2
2020/03/17 17:01:24.884492,ETH/BTC,ask,0.02195887,14asdasd.73
2020/03/17 17:01:24.884492,ETH/BTC,ask,0.02196,0.0199982
2020/03/17 17:01:24.884492,ETH/BTC,ask,0.02196165,37.7
2020/03/17 17:01:24.884492,ETH/BTC,ask,0.02196924,4.94993079
asdasd2020/03/17 17:01:24.884492,ETH/BTC,ask,0.021998,0.01251984
2020/03/17 17:01:24.884492,ETH/BTC,ask,0.0220asdasd1782,0.17
2020/03/17 17:01:24.884492,ETH/BTC,ask,0.02202912,1.13550823
asdasd2020/03/17 17:01:24.884492,ETH/BTC,ask,0.02205152,0.00623928
2020/03/17 17:01:24.884492,ETH/BTC,ask,0.022asdasd05403,508.55
2020/03/17 17:01:24.884492,ETH/BTC,ask,0.0220972,0.01263333
2020/03/17 17:01:24.884492,ETH/BTC,ask,0.02210103,0.00019101
2020/03/17 17:01:24.884492,ETH/BTC,ask,0.02210226,0.086064
2020/03/17 17:01:24.884492,ETH/BTC,ask,0.02210654,29.79106636
2020/03/17 17:01:24.884492,ETH/BTC,ask,0.02210655,6.90asdasd840309
2020/03/17 17:01:24.884492,ETH/BTC,ask,0.02210752,1.24905905
2020/03/17 17:01:24.884492,ETH/BTC,ask,0asdasd.0221428,0.01274004
2020/03/17 17:01:24.884492,ETH/BTC,ask,0.02215,0.0697053
2020/03/17 17:01:24.884492,ETH/BTC,ask,0.0221597,0.4
2020/03/17 17:01:24.884492,ETH/BTC,ask,0.02216178,0.00620832
2020/03/17 17:01:24.884492,ETH/BTC,ask,0.02218591,1.37396496
2020/03/17 17:01:24.884492,asdasd,ask,0.0221898,0.01286127
2020/03/17 17:01:24.884492,ETH/BTC,ask,0.02222318,0.0092
2020/03/17 17:01:24.884492,ETH/BTC,asdasd,0.02222991,0.5
2020/03/17 17:01:24.884492,ETH/BTC,ask,0.02223142,0.086064
2020/03/17 17:01:24.884492,ETH/BTC,ask,0.022234,0.19992
2020/03/17 17:01:24.884492,ETH/BTC,ask,0.02224422,0.05
2020/03/17 17:01:24.884492,ETH/BTC,ask,0.02225,0.05746774
2020/03/17 17:01:24.884492,ETH/BTC,ask,0.02226116,0.12491728
2020/03/17 17:01:24.884492,ETH/BTC,ask,0.0asdasd2226117,0.05
2020/03/17 17:01:24.884492,ETH/BTC,ask,0.02226156,0.6asdasd8965079
2020/03/17 17:01:24.884492,ETH/BTC,ask,0.0222asdasd6177,0.05
2020/03/17 17:01:24.884492,ETH/BTC,ask,0.02226431,1.51136146
2020/03/17 17:01:24.884492,ETH/BTC,ask,0.02227,1.
2020/03/17 17:01:24.884492,ETH/BTC,ask,0.02227042,0asdasd.4
2020/03/17 17:01:24.884492,DOGE/BTC,bid,0.0000003,29468687.918283
2020/03/17 17:01:24.884492,DOGE/BTC,bid,0.00000029,29354859.324531
2020/03/17 17:01:24.884492,DOGE/BTC,bid,0.00000028,33183658.838306
2020/03/17 17:01:24.884492,DOGE/BTC,bid,0.00000027,70492155.16241
2020/03/17 17:01:24.884492,DOGE/BTC,bid,0.00000026,47973630.799864
2020/03/17 17:01:24.884492,DOGE/BTC,bid,0.00000025,54375270.29956
2020/03/17 17:01:24.884492,DOGE/BTC,bid,0.00000024,43578159.041355
2020/03/17 17:01:24.884492,DOGE/BTC,bid,0.00000023,55039906.016943
2020/03/17 17:01:24.884492,DOGE/BTC,bid,0.00000022,35101189.028424
2020/03/17 17:01:24.884492,DOGE/BTC,bid,0.00000021,17487929.456232
2020/03/17 17:01:24.884492,DOGE/BTC,bid,0.0000002,23948681.085421
2020/03/17 17:01:24.884492,DOGE/BTC,bid,0.00000019,9908337.0918123
2020/03/17 17:01:24.884492,DOGE/BTC,bid,0.00000018,17140674.938161
2020/03/17 17:01:24.884492,DOGE/BTC,bid,0.00000017,10816395.006882
2020/03/17 17:01:24.asd0016,18698273.51265
2020/03/17 17:01:24.884492,DOGE/BTC,bid,0.00000015,16277969.480293
2020/03/17 17:01:24.884492,DOGE/BTC,bid,0.00000014,102751129.09834
2020/03/17 17:01:24.884492,DOGE/BTC,bid,0.00000013,31727762.768641
2020/03/17 17:01:24.884492,DOGE/BTC,bid,0.00000012,19995159.833333
2020/03/17 17:01:24.884492,DOGE/BTC,bid,0.00000011,28995182.727273
2020/03/17 17:01:24.884492,DOGE/BTC,bid,0.0000001,23774671.459259
2020/03/17 17:01:24.884492,DOGE/BTC,bid,0.00000009,12981604.444444
2020/03/17 17:01:24.884492,DOGE/BTC,bid,0.00000008,17423077.375
2020/03/17 17:01:24.884492,DOGE/BTC,bid,0.00000007,15265749.142857
2020/03/17 17:01:24.884492,DOasd00006,17737965.333333
2020/03/17 17:01:24.884492,DOGE/BTC,bid,0.00000005,1334531.94
2020/03/17 17:01:24.884492,DOGE/BTC,bid,0.00000004,316250.
2020/03/17 17:01:24.884492,DOGE/BTC,bid,0.00000003,37081819.
2020/03/17 17:01:24.884492,DOGE/BTC,bid,0.00000002,148187044.35714
2020/03/17 17:01:24.884492,DOGE/BTC,bid,0.00000001,31940498.
2020/03/17 17:01:24.884492,DOGE/BTC,ask,0.00000031,11901419.52546
2020/03/17 17:01:24.884492,DOGE/BTC,ask,0.00000032,41260944.21614
2020/03/17 17:01:24.884492,DOGE/BTC,ask,0.00000033,23594827.903824
2020/03/17 17:01:24.884492,DOGE/
BTC,ask,0.00000034,21803662.672223
2020/03/17 17:01:24.884492,DOasd00000035,18263184.257508
2020/03/17 17:01:24.884492,DOGE/BTC,ask,0.00000036,5679965.5678208
2020/03/17 17:01:24.884492,DOGE/BTC,ask,0.00000037,13314388.737357
2020/03/17 17:01:24.884492,DOGE/BTC,ask,0.00000038,7712660.475328
2020/03/17 17:01:24.884
492,DOGE/BTC,ask,0.00000039,20443826.378187
2020/03/17 17:01:24.884492,DOGE/BTC,ask,0.0000004,18956753.397818
2020/03/17 17:01:24.884492,DOGE/BTC,ask,0.00000041,4835576.6065579
2020/03/17 17:01:24.884492,DOGE/BTC,ask,0.0000
0042,5952282.4414734
2020/03/17 17:01:24.884492,D
OGE/BTC,ask,0.00000043,3501920.4320189
2020/03/17 17:01:24.884492,DOGE/BTC,ask,0.00000044,14582197.403095
2020/03/17 17:01:24.884492,DOGE/BTC,ask,0.00000045,4614626.4597111
2020/03/17 17:01:24.884492,DOGE/BTC,ask,0.00000046,2880183.0593082
2020/03/17 17:01:24.884492,DOGE/BTC,ask,0.00000047,10796386.702639
2020/03/17 17:01:24.884492,DOGE/BTC,ask,0.00000048,10993658.990659
2020/03/17 17:01:24.884492,DOGE/BTC,ask,0.00000049,11470242.6909
2020/03/17 17:01:24.884492,DOGE/BTC,ask,0.0000005,9822169.5205892
2020/03/17 17:01:24.884492,DOGE/BTC,ask,0.00000051,6596323.5807754
2020/03/17 17:01:24.884492,DOGE/BTC,ask,0.00000052,4513618.0740915
2020/03/17 17:01:24.884492,DOGE/BTC,ask,0.00000053,9635813.612021
2020/03/17 17:01:24.884492,DOGE/BTC,ask,0.00000054,7066622.9245546
2020/03/17 17:01:24.884492,DOGE/BTC,ask,0.00000055,7494963.9555021
2020/03/17 17:01:24.884492,DOGE/BTC,ask,0.00000056,23053312.757354
2020/03/17 17:01:24.884492,DOGE/BTC,ask,0.00000057,5490128.617437
2020/03/17 17:01:24.884492,DOGE/BTC,ask,0.00000058,22647865.088014
2020/03/17 17:01:24.884492,DOGE/BTC,ask,0.00000059,6597647.8383743
2020/03/17 17:01:24.884492,DOGE/BTC,ask,0.0000006,27239374.616801
2020/03/17 17:01:24.884492,DOGE/BTC,ask,0.00000061,1768636.8338943
2020/03/17 17:01:24.884492,DOGE/BTC,ask,0.00000062,24668402.369191
2020/03/17 17:01:24.884492,DOGE/BTC,ask,0.00000063,8128739.1553844
2020/03/17 17:01:24.884492,DOGE/BTC,ask,0.00000064,24019776.382939
2020/03/17 17:01:24.884492,DOGE/BTC,ask,0.00000065,4968243.7569908
2020/03/17 17:01:24.884492,DOGE/BTC,ask,0.00000066,27514366.540371
2020/03/17 17:01:24.884492,DOGE/BTC,ask,0.00000067,4397588.3406862
2020/03/17 17:01:24.884492,DOGE/BTC,ask,0.00000068,2235573.1875588
2020/03/17 17:01:24.884492,DOGE/BTC,ask,0.00000069,5909908.2897985
2020/03/17 17:01:24.884492,DOGE/BTC,ask,0.0000007,34897322.778391
2020/03/17 17:01:24.884492,DOGE/BTC,ask,0.00000071,2764354.1634975
2020/03/17 17:01:24.884492,DOasd000072,1845992.0785433
2020/03/17 17:01:24.884492,DOGE/BTC,ask,0.00000073,7369552.1200649
2020/03/17 17:01:24.884492,DOGE/BTC,ask,0.00000074,5257917.5442386
2020/03/17 17:01:24.884492,DOGE/BTC,ask,0.00000075,33854092.468691
2020/03/17 17:01:24.884492,DOGE/BTC,ask,0.00000076,3010444.3290228
2020/03/17 17:01:24.884492,DOGE/BTC,ask,0.00000077,1924792.4649358
2020/03/17 17:01:24.884492,DOGE/BTC,ask,0.00000078,16607624.90818
2020/03/17 17:01:24.884492,DOGE/BTC,ask,0.00000079,7917339.5022544
2020/03/17 17:01:24.884492,DOGE/BTC,ask,0.0000008,49152265.030762
2020/03/17 17:01:24.884492,BTC/USDT,bid,5348.8502489,2.46021
2020/03/17 17:01:24.884492,BTC/USDT,bid,5348.75042208,0.49825485
2020/03/17 17:01:24.884492,BTC/USDT,bid,5348.75033244,0.2053277
2020/03/17 17:01:24.884492,BTC/asd348.75033243,0.49825485
2020/03/17 17:01:24.884492,BTC/USDT,bid,5348.75027298,0.13939
2020/03/17 17:01:24.884492,BTC/USDT,bid,5348.75026299,6.41737629
2020/03/17 17:01:24.884492,BTC/USDT,bid,5348.75008343,0.1
2020/03/17 17:01:24.884492,BTC/USDT,bid,5348.72760968,0.0102458
2020/03/17 17:01:24.884492,BTC/USDT,bid,5347.09680316,0.11
2020/03/17 17:01:24.884492,BTC/USDT,bid,5344.64531488,0.01
2020/03/17 17:01:24.884492,BTC/USDT,bid,5342.20773889,0.00189091
2020/03/17 17:01:24.884492,BTC/USDT,bid,5340.68044367,0.04491628
2020/03/17 17:01:24.884492,BTC/USDT,bid,5338.,0.00187337
2020/03/17 17:01:24.884492,BTC/USDT,bid,5337.04498549,0.0579
2020/03/17 17:01:24.884492,BTC/USDT,bid,5336.24294118,0.00872662
2020/03/17 17:01:24.884492,BTC/USDT,bid,5331.3518867,0.4284
2020/03/17 17:01:24.884492,BTC/USDT,bid,5331.07000627,0.0694
2020/03/17 17:01:24.884492,BTC/USDT,bid,5328.11623127,1.3907
2020/03/17 17:01:24.884492,BTC/USDT,bid,5327.51687267,0.0438737
2020/03/17 17:01:24.884492,BTC/USDT,bid,5327.46290721,0.00024266
2020/03/17 17:01:24.884492,BTC/USDT,bid,5323.83418,0.001
2020/03/17 17:01:24.884492,BTC/USDT,bid,5323.25277012,1.97008162
2020/03/17 17:01:24.884492,BTC/USDT,bid,5321.,3.35


2020/03/17 17:01:24.884492,BTC/USDT,bid,5319.450228,0.00020075


2020/03/17 17:01:24.884492,BTC/USDT,bid,5315.6477491,0.00027634
2020/03/17 17:01:24.884492,BTC/USDT,bid,5315.22320561,0.0064523
2020/03/17 17:01:24.884492,BTC/USDT,bid,5314.15443661,0.000268
2020/03/17 17:01:24.884492,BTC/USDT,bid,5309.56705166,0.00020075
2020/03/17 17:01:24.884492,BTC/USDT,bid,5308.704103,0.00161787
2020/03/17 17:01:24.884492,BTC/USDT,bid,5307.,0.00018862
2020/03/17 17:01:24.884492,BTC/USDT,bid,5306.82904643,0.01884365
2020/03/17 17:01:24.884492,BTC/USDT,bid,5305.9305645,0.05654051
2020/03/17 17:01:24.884492,BTC/USDT,bid,5305.93056449,0.00030859
2020/03/17 17:01:24.884492,BTC/USDT,bid,5305.2265,0.002
2020/03/17 17:01:24.884492,BTC/USDT,bid,5302.21248119,0.17485331
2020/03/17 17:01:24.884492,BTC/USDT,bid,5302.21248116,0.00377201
2020/03/17 17:01:24.884492,BTC/USDT,bid,5300.71345968,14.1319
2020/03/17 17:01:24.884492,BTC/USDT,bid,5300.,0.00207548
2020/03/17 17:01:24.884492,BTC/USDT,bid,5299.68387533,0.00020075
2020/03/17 17:01:24.884492,BTC/USDT,bid,5292.41384004,0.33259279
2020/03/17 17:01:24.884492,BTC/USDT,bid,5292.41384,0.001
2020/03/17 17:01:24.884492,BTC/USDT,bid,5290.6,0.001
2020/03/17 17:01:24.884492,BTC/USDT,bid,5290.27680296,0.00903071
2020/03/17 17:01:24.884492,BTC/USDT,bid,5290.,1.
2020/03/17 17:01:24.884492,BTC/USDT,bid,5289.80069899,0.00020075
2020/03/17 17:01:24.884492,BTC/USDT,bid,5289.327667,0.10245671
2020/03/17 17:01:24.884492,BTC/USDT,bid,5286.47654892,0.000283
2020/03/17 17:01:24.884492,BTC/USDT,bid,5286.29939887,0.0008359
2020/03/17 17:01:24.884492,BTC/asdid,5285.24199473,0.0094603
2020/03/17 17:01:24.884492,BTC/USDT,bid,5284.37507018,0.0064523
2020/03/17 17:01:24.884492,BTC/USDT,ask,5351.99999999,0.08
2020/03/17 17:01:24.884492,BTC/USDT,ask,5356.30616,0.001
2020/03/17 17:01:24.884492,BTC/USDT,ask,5358.58681488,0.11
2020/03/17 17:01:24.884492,BTC/USDT,ask,5360.54451488,0.01
2020/03/17 17:01:24.884492,BTC/USDT,ask,5361.51123187,6.3
2020/03/17 17:01:24.884492,BTC/USDT,ask,5asd92,BTC/USDT,ask,5369.,0.00186254
2020/03/17 17:01:24.884492,BTC/USDT,ask,5369.2735,0.002
2020/03/17 17:01:24.884492,BTC/USDT,ask,5370.14412213,0.00931073
2020/03/17 17:01:24.884492,BTC/USDT,ask,5370.25377393,0.00024073
2020/03/17 17:01:24.884492,BTC/USDT,ask,5373.96128949,0.4284
2020/03/17 17:01:24.884492,BTC/Uasd,5374.10951007,1.11554789
2020/03/17 17:01:24.884492,BTC/USDT,ask,5375.,0.00018605
2020/03/17 17:01:24.884492,BTC/USDT,ask,5375.13691326,2.36546973
2020/03/17 17:01:24.8asd7.46076613,0.0064523
2020/03/17 17:01:24.884492,BTC/USDT,ask,5378.24518971,0.88506963
2020/03/17 17:01:24.884492,BTC/USDT,ask,5381.87187775,0.0008
2020/03/17 17:01:24.884492,BTC/USDT,ask,5384.99999998,0.73293336
2020/03/17 17:01:24.884492,BTC/USDT,ask,5385.,0.0194056
2020/03/17 17:01:24.884492,BTC/USDT,ask,5385.50669774,0.00766
2020/03/17 17:01:24.884492,BTC/USDT,ask,5387.18543998,0.05608265
2020/03/17 17:01:24.884492,BTC/USDT,ask,5387.18543999,0.01426
2020/03/17 17:01:24.884492,BTC/USDT,ask,5388.10582,0.001
2020/03/17 17:01:24.884492,BTC/USDT,ask,5390.,0.26905092
2020/03/17 17:01:24.884492,Basd,ask,5394.3801072,0.00027378
2020/03/17 17:01:24.884492,BTC/USDT,ask,5395.,1.36185087
2020/03/17 17:01:24.884492,BTC/USDT,ask,5395.59765952,0.0011025
2020/03/17 17:01:24.884492,BTC/USDT,ask,5396.42871506,14.1318
2020/03/17 17:01:24.884492,BTC/USDT,ask,5400.,0.14371419
2020/03/17 17:01:24.884492,BTC/USDT,ask,5400.33151632,0.0384


2020/03/17 17:01:24.884492,BTC/USDT,ask,5405.41766912,0.69895055


2020/03/17 17:01:24.884492,BTC/USDT,ask,5405.41766915,0.00423615
2020/03/17 17:01:24.884492,BTC/USDT,ask,5406.30673519,0.01366
2020/03/17 17:01:24.884492,BTC/USDT,a
sk,5406.52042159,2.92760636
2020/03/17 17:01:24.884492,BTC/USDT,ask,5408.85229981,0.0064523
2020/03/17 17:01:24.884492,BTC/USDT,ask,5409.92702531,0.00762601
2020/03/17 17:01:24.884492,BTC/USDT,ask,5411.99597199,0.0074
2020/03/17 17:01:24.884492,BTC/USDT,ask,5412.,0.005425
2020/03/17 17:01:24.884492,BTC/USDT,ask
,5413.10527511,0.00923684
2020/03/17 17:01:24.884492,BTC/USDT,ask,5414.,0.00018766
2020/03/17 17:01:24.884492,BTC/USDT,ask,5418.51724799,0.00072134
2020/03/17 17:01:24.884492,BTC/USDT,ask,5429.63426442,0.0384
2020/03/17 17:01:24.884492,BTC/USDT,ask,5430.26543436,0.02431211
2020/03/17 17:01:24.884492,BTC/USDT,ask,5434.07485883,0.01847059
2020/03/17 17:01:24.884492,BTC/USDT,ask,5440.42708512,0.0064523
2020/03/17 17:01:24.884492,BTC/USDT,ask,5452.7961812,0.00745308
2020/03/17 17:01:24.884492,BTC/USDT,ask,5456.41011731,0.00916353
2020/03/17 17:01:24.884492,BTC/USDT,ask,5460.12333827,0.05
2020/03/17 17:01:24.884492,ETH/USDT,bid,117.05634318,11.15190083
2020/03/17 17:01:24.884492,ETH/USDT,bid,116.98330492,0.39802371
2020/03/17 17:01:24.884492,ETH/USDT,bid,116.9833049,18.
2020/03/17 17:01:24.884492,ETH/USDT,bid,116.91367372,6.
2020/03/17 17:01:24.884492,ETH/USDT,bid,116.91332308,0.39
2020/03/17 17:01:24.884492,ETH/USDT,bid,116.86735322,5.47629
2020/03/17 17:01:24.884492,ETH/USDT,bid,116.8083787,2.30874594
2020/03/17 17:01:24.884492,ETH/USDT,bid,116.80745636,0.05
2020/03/17 17:01:24.884492,ETH/USDT,bid,116.70137762,4.24497827
2020/03/17 17:01:24.884492,ETH/USDT,bid,116.69491525,0.659511
2020/03/17 17:01:24.884492,ETH/USDT,bid,116.62049081,0.00910475
2020/03/17 17:01:24.8asdasdid,116.39523599,90.10027234
2020/03/17 17:01:24.884492,ETH/USDT,bid,116.30905235,14.56
2020/03/17 17:01:24.884492,ETH/USDT,bid,116.27,3.41093589
2020/03/17 17:01:24.884492,ETH/USDT,bid,116.26935391,0.00913224
2020/03/17 17:01:24.884492,ETH/USDT,bid,116.24943164,7.97517367
2020/03/17 17:01:24.884492,ETH/USDT,bid,116.24943163,2.58065778
2020/03/17 17:01:24.884492,ETH/USDT,bid,116.24943162,0.05633954
2020/03/17 17:01:24.884492,ETH/USDT,bid,116.09848379,49.01
2020/03/17 17:0asd116.,0.08620689
2020/03/17 17:01:24.884492,ETH/USDT,bid,115.9469432,0.01263333
2020/03/17 17:01:24.884492,ETH/USDT,bid,115.90282719,15.17929567
2020/03/17 17:01:24.884492,ETH/USDT,bid,115.90282718,0.25883751
2020/03/17 17:01:24.884492,ETH/USDT,bid,115.815915,0.02426799
2020/03/17 17:01:24.884492,ETH/USDT,bid,115.42347143,512.64
2020/03/17 17:01:24.884492,ETH/USDT,bid,115.33898305,0.659511
2020/03/17 17:01:24.884492,ETH/USDT,bid,115.24375359,252.76
2020/03/17 17:01:24.884492,ETH/USDT,bid,115.,1.87168482
2020/03/17 17:01:24.884492,ETH/USDT,bid,114.98296347,0.26090821
2020/03/17 17:01:24.884492,ETH/USDT,bid,114.7,0.00872711
2020/03/17 17:01:24.884492,ETH/USDT,bid,114.66101694,0.659511
2020/03/17 17:01:24.884492,ETH/USDT,bid,114.3,0.1
2020/03/17 17:01:24.884492,ETH/USDT,bid,114.130002,0.9476005
2020/03/17 17:01:24.884492,ETH/USDT,bid,114.07040027,0.26299548
2020/03/17 17:01:24.884492,ETH/USDT,bid,114.,13.59210526
2020/03/17 17:01:24.884492,ETH/USDT,bid,113.98305084,0.659511
2020/03/17 17:01:24.884492,ETH/USDT,bid,113.95545207,0.02426799
2020/03/17 17:01:24.884492,ETH/USDT,bid,113.7927595,0.01286127
2020/03/17 asd464861,0.45684192
2020/03/17 17:01:24.884492,ETH/USDT,bid,113.30508474,0.659511
2020/03/17 17:01:24.884492,ETH/USDT,bid,113.3,0.1
2020/03/17 17:01:24.884492,ETH/USDT,bid,113.24402351,276.6838495
2020/03/17 17:01:24.884492,ETH/USDT,bid,113.20138976,101.
2020/03/17 17:01:24.884492,ETH/USDT,bid,113.20070445,7.06640297
2020/03/17 17:01:24.884492,ETH/USDT,bid,113.16507963,0.26509944
2020/03/17 17:01:24.884492,ETH/USDT,bid,113.07328285,10.05952399
2020/03/17 17:01:24.884492,ETH/USDT,bid,113.,1.93010784
2020/03/17 17:01:24.884492,ETH/USDT,ask,117.32924371,53.57835969
2020/03/17 17:01:2ads24372,130.
2020/03/17 17:01:24.884492,ETH/USDT,ask,117.43999994,64.35475303
2020/03/17 17:01:24.884492,ETH/USDT,ask,117.43999995,1.37106526
2020/03/17 17:01:24.884492,ETH/USDT,ask,117.48856719,0.00903748
2020/03/17 17:01:24.884492,ETH/USDT,ask,117.50584546,138.83426834
2020/03/17 17:01:24.884492,ETH/USDT,ask,117.64999999,14.55
2020/03/17 17:01:24.884492,ETH/USDT,ask,117.73181089,0.2
2020/03/17 17:01:24.884492,ETH/USDT,ask,117.73683246,0.12957599
2020/03/17 17:01:24.884492,ETH/USDT,ask,117.76469019,0.25474528
2020/03/17 17:01:24.884492,ETH/USDT,ask,117.83970409,0.00901055
2020/03/17 17:01:24.884492,ETH/USDT,ask,118.,0.5
2020/03/17 17:01:24.884492,ETH/USDT,ask,118.05084744,512.63
2020/03/17 17:01:24.884492,ETH/USDT,ask,118.05084745,0.64151446
2020/03/17 17:01:24.884492,ETH/USDT,ask,118.64267234,29.7329471
2020/03/17 17:01:24.884492,ETH/USDT,ask,118.6426726,0.01248192
2020/03/17 17:01:24.884492,ETH/USDT,ask,118.70680771,0.2527235
2020/03/17 17:01:24.884492,ETH/USDT,ask,118.72881355,0.659511
2020/03/17 17:01:24.884492,ETH/USDT,ask,119.,20.
2020/03/17 17:01:24.884492,ETH/USDT,ask,119.393462,0.08466948
2020/03/17 17:01:24.884492,ETH/USDT,ask,119.40677966,0.659511
2020/03/17 17:01:24.884492,ETH/USDT,ask,119.62845979,0.02426799
2020/03/17 17:01:24.884492,ETH/USDT,ask,119.63826095,0.01671707
2020/03/17 17:01:24.884492,ETH/USDT,ask,119.65646218,0.25071775
2020/03/17 17:01:24.884492,ETH/USDT,ask,119.70417753,0.05
2020/03/17 17:01:24.884492,ETH/USDT,ask,119.88899999,1.34108256
2020/03/17 17:01:24.884492,ETH/USDT,ask,119.9,0.10847385
2020/03/17 17:01:24.884492,ETH/USDT,ask,120.,95.98132134
2020/03/17 17:01:24.884492,ETH/USDT,ask,120.08474576,0.659511
2020/03/17 17:01:24.884492,ETH/USDT,ask,120.2,0.1
2020/03/17 17:01:24.884492,ETH/USDT,ask,120.26231315,0.25
2020/03/17 17:01:24.884492,ETH/USDT,ask,120.5,0.59955
2020/03/17 17:01:24.884492,ETH/USDT,ask,120.58554436,0.01658574
2020/03/17 17:01:24.884492,ETH/USDT,ask,120.61371387,0.24872793
2020/03/17 17:01:24.884492,ETH/USDT,ask,120.63826095,0.01671707
2020/03/17 17:01:24.884492,ETH/USDT,ask,120.6461675,0.01228126
2020/03/17 17:01:24.884492,ETH/USDT,ask,120.68,2.
2020/03/17 17:01:24.884492,ETH/USDT,ask,120.76271186,0.659511
2020/03/17 17:01:24.884492,ETH/USDT,ask,120.83905054,38.82819684
2020/03/17 17:01:24.884492,ETH/USDT,ask,120.84555691,0.12130248
2020/03/17 17:01:24.884492,ETH/USDT,ask,120.88554436,0.01658574
2020/03/17 17:01:24.884492,ETH/USDT,ask,120.9,0.1
2020/03/17 17:01:24.884492,ETH/USDT,ask,120.9347855,0.13778321
2020/03/17 17:01:24.884492,ETH/USDT,ask,120.93826095,0.01671707
2020/03/17 17:01:24.884492,ETH/USDT,ask,120.9392567,0.01225042
2020/03/17 17:01:24.884492,ETH/USDT,ask,120.99,0.03330281
2020/03/17 17:01:24.884492,ETH/USDT,ask,121.,0.0218097
2020/03/17 17:01:24.884492,ETH/USDT,ask,121.01637159,100.99
2020/03/17 17:01:24.884492,ETH/USDT,ask,121.09932933,0.01651537
2020/03/17 17:01:24.884492,ETH/USDT,ask,121.41708,0.08325833
2020/03/17 17:01:24.884492,DOGE/USDT,bid,0.00163399,24434.152275
2020/03/17 17:01:24.884492,DOGE/USDT,bid,0.00163378,391729.60863
2020/03/17 17:01:24.884492,DOGE/USDT,bid,0.00163348,10595.39543415
2020/03/17 17:01:24.884492,DOGE/USDT,bid,0.00163333,657.56963006
2020/03/17 17:01:24.884492,DOGE/USDT,bid,0.00161701,858476.
2020/03/17 17:01:24.884492,DOGE/USDT,bid,0.001617,619.04762523
2020/03/17 17:01:24.884492,DOGE/USDT,bid,0.00161296,399936.
2020/03/17 17:01:24.884492,DOGE/USDT,bid,0.0016,1320.51275627
2020/03/17 17:01:24.884492,DOGE/USDT,bid,0.00159663,407335.
2020/03/17 17:01:24.884492,DOGE/USDT,bid,0.00158102,157647.
2020/03/17 17:01:24.884492,DOGE/USDT,bid,0.001581,633.14358634
2020/03/17 17:01:24.884492,DOGE/USDT,bid,0.00154985,159055.
2020/03/17 17:01:24.884492,DOGE/USDT,bid,0.00154639,1940.00219867
2020/03/17 17:01:24.884asd81437.
2020/03/17 17:01:24.884492,DOGE/USDT,bid,0.001546,647.4773674
2020/03/17 17:01:24.884492,DOGE/USDT,bid,0.001512,4630.29101191
2020/03/17 17:01:24.884492,DOGE/asd6126
2020/03/17 17:01:24.884492,DOGE/USDT,bid,0.00147501,50050.
2020/03/17 17:01:24.884492,DOGE/USDT,bid,0.00145374,1972.551
2020/03/17 17:01:24.884492,DOGE/USDT,bid,0.00145001,50050.
2020/03/17 17:01:24.884492,DOGE/USDT,bid,0.00144601,7607.13964634
2020/03/17 17:01:24.884492,DOGE/USDT,bid,0.001446,692.25450207
2020/03/17 17:01:24.ads02,212011.13765176
2020/03/17 17:01:24.884492,DOGE/USDT,bid,0.00141501,655196.36331899
2020/03/17 17:01:24.884492,DOGE/USDT,bid,0.001415,707.42050177
2020/03/17 17:01:24.884492,DOGE/USDT,bid,0.00140001,45045.
2020/03/17 17:01:24.884492,DOGE/USDT,bid,0.0014,1434.28642857
2020/03/17 17:01:24.884492,DOGE/USDT,bid,0.001384,723asd857,6065.
2020/03/17 17:01:24.884492,DOGE/USDT,bid,0.001333,500000.
2020/03/17 17:01:24.884492,DOGE/USDT,bid,0.001331,751314.80090157
2020/03/17 17:01:24.884492,DOGE/USDT,bid,0.0013,90584.73617692
2020/03/17 17:01:24.884492,DOGE/USDT,bid,0.0012736,888.
2020/03/17 17:01:24.884492,DOGE/USDT,bid,0.00126388,5209.68879016
2020/03/17 17:01:24.884492,DOGE/USasd84492,DOGE/USDT,bid,0.0011,25909.09181819
2020/03/17 17:01asd/USDT,bid,0.001001,1001.
2020/03/17 17:01:24.884492,DOGE/USDT,bid,0.001,210000.
2020/03/17 17:01:24.884492,DOGE/USDT,bid,0.00099999,10000.
2020/03/17 17:01:24.884492,DOGE/USDT,bid,0.00d090001,28as254.54597171
2020/03/17 17:01:24.884492,DOGE/USDT,bid,0.0009,34382.18555555
2020/03/17 17:01:24.884492,DOGE/USDT,bid,0.00088888,433129.33129332
2020/03/17 17:01:24.884492,DOGE/USDT,bid,0.00080sad618,1252.82195044
2020/03/17 17:01:24.884492,DOGE/USDT,bid,0.000501,2001.
2020/03/17 17:01:24.884492,DOGE/USDT,bid,0.00028,asd7142.85714286
2020/03/17 17:01:24.884492,DOGE/USDT,bid,0.00010287,39786.5144357
2020/03/17 17:01:24.884492,DOGE/USDT,bid,0.000101,100000.
2020/03/17 17:01:24.884492,DOGE/USDT,bid,0.0001,100000.
2020/03/17 17:01:24.884492,DOGE/USDT,ask,0.00aaaa165524,1309aaa1.96179283
2020/03/17 17:01:24.884492,DOGE/USDT,ask,0.00165525,386648.54251
2020/03/17 17:01:24.884492,DOGE/USDT,ask,0.00166,8000.
2020/03/17 17:01:24.884492,DOGE/USDT,ask,0.00167,8000.
2020/03/17 17:01:24.884492,DOGE/USDT,ask,0.00168,8056.
2020/03/17 17:01:24.884492,DOGE/USDT,ask,0.00168913,100607asd.29912822
2020/03/17 17:01:24.884492,DOGE/USDT,ask,0.00169,86asd01.1923137
2020/03/17 17:01:24.884492,DOGE/USDT,ask,0.00169998,8000.
2020/03/17 17:01:24.884492,DOGE/USDT,ask,0.0016asd9999,50000.
2020/03/17 17:01:24.884492,DOGE/USDT,ask,0.0017,630.
2020/03/17 17:01:24.884492,DOGE/USDT,ask,0.001728,587.97164939
2020/03/17 17:01:24.884492,DOGE/USDT,ask,0.00173333,46711.33626714
2020/03/17 17:01:24.884492,DOGE/USDT,ask,0.00174999,50000.
2020/03/17 17:01:24.884492,DOGE/USDT,ask,0.00176666,625.
2020/03/17 17:01:24.884492,DOGE/USDT,ask,0.001767,574.99434643
2020/03/17 17:01:24.884492,DOGE/USDT,ask,0.00178195,566.79385303
2020/03/17 17:01:24.884492,DOGE/USDT,ask,0.001799,561.42139941
2020/03/17 17:01:24.884492,DOGE/USDT,ask,0.00179999,50000.
2020/03/17 17:01:24.884492,DOas84492,DOGE/USdasdDT,ask,0.00182458,553.55100591
2020/03/17 17:01:24.884492,DOGasdE/USDT,ask,0.00183333,610.
2020/03/17 17:01:24.884492,DOGE/USDT,ask,0.00184521,10000.
2020/03/17 17:01:24.884492,DOGE/USDT,ask,0.001848,549.79167216
2020/03/17 17:01:24.884492,DOGE/USDT,ask,0.00185,51401.81536854
2020/03/17 17:01:24.884492,DOGE/USDT,ask,0.001855,1617.25067386
2020/03/17 17:01:24.884492asd,DOGE/USDT,ask,0.00186,10000.
2020/03/17 17:01:24.884492,DOGE/USDT,ask,0.00186375,3842.088
2020/03/17 17:01:24.884492,DOGE/USDT,ask,0.00186666,605.
2020/03/17 17:01:24.884492,DOGE/USDT,ask,0.00187211,12891.08357866
2020/03/17 17:01:24.884492,DOGE/USDT,ask,0.001889,537.85866075
2020/03/17 17:01:24.884492,DOGEa4.8844sd2,DOGE/USDT,ask,0.00193,40572.52873722
2020/03/17 17:01:24.884492,DOGE/USDT,ask,0.001932,1525.88768641
2020/03/17 17:01:24.884492,Dasd2,DOGE/USDT,ask,0.001975,514.43797982
2020/03/17 17:01:dd4.884492,DOGE/USDT,ask,0.00199,50540.80151904
2020/03/17 17:01:24.884492,DOGE/USDT,ask,0.00asd0200996,687.
2020/03/17 17:01:24.88asd4492,DOGE/USDT,ask,0.00201,3502.
2020/03/17 17:01:24.884492,DOGEsd/USDT,ask,0.00202,1003.9777278
2020/03/17 17:01:24.884492,DOGE/USDT,ask,0.002025,505.
2020/03/17 17:01:24.884492,DOGE/USDT,ask,0.00203,500.
2020/03/17 17:01:24.884492,DOGE/USDT,ask,0.00203333,500.
2020/03/17 17:01:24.884492,DOGE/USDT,ask,0.00204,500.
2020/03/17 17:01:30.099017,ETH/BTC,bid,0.02188301,7.44227001
2020/03/17 17:01:30.099017,ETH/BTC,bid,0.02187308,9.14011795
2020/03/17 17:01:30.099017,ETH/BTC,bid,0.02187307,3.467434
2020/03/17 17:01:30.099017,ETasdasdasdTC,bid,0.021873,1.
2020/03/17 17:01:30.099017,ETH/BTC,bid,0.02187163,0.0332asdasd2020/03/17 17:01:30.099017,ETH/BTC,bid,0.02187008,0.21
2020/03/17 17:01:30.099017,ETH/BTC,bid,0.02186299,0.1
2020/03/17 17:01:30.099017,ETH/BTC,bid,0.02186251,0.0091
2020/03/17 17:01:30.099017,ETH/BTC,bid,0.02186054,4.56324046
asdasdasd
2020/03/17 17:01:30.099017,ETH/BTC,bid,0.02186052,0.05
2020/03/17 17:01:30.099017,ETH/BTC,bid,0.02185561,9.14455526
2020/03/17 17:01:30.099017,ETH/BTC,bid,0.0218499,130.
2020/03/17 17:01:30.099017,ETH/BTC,bid,0.02184363,4.52654436
2020/03/17 17:01:30.099017,ETH/BTC,asdasd03/17 17:01:30.099017,ETH/BTC,bid,0.0218247,0.01248192
2020/03/17 17:01:30.099017,ETH/BTC,bid,0.0218238,41.5
2020/03/17 17:01:30.099017,ETH/BTC,bid,0.02180845,50.
2020/03/17 17:01:30.099017,ETH/BTC,bid,0.0218,32.74659999
2020/03/17 17:01:30.099017,ETH/BTC,bid,0.02179639,0.40030023
2020/03/17 17:01:30.099017,ETH/BTC,bid,0.0217942,0.81461421
2020/03/17 17:01:30.099017,ETH/BTC,bid,0.02179148,49.
2020/03/17 17:01:30.099017,ETH/BTC,bid,0.02178009,0.73972375
